,Vectorizer,Classifier,Train Accuracy Score,Test Accuracy Score,F1,Precision,Recall,ROC-AUC
0,TfidfVectorizer(),MultinomialNB(),1.0,0.9581056466302368,0.960548885077187,0.9790209790209791,0.9427609427609428,0.9594757094757095
1,CountVectorizer(),MultinomialNB(),0.9836065573770492,0.9489981785063752,0.9512195121951219,0.9855595667870036,0.9191919191919192,0.9516594516594516
2,TfidfVectorizer(),SVC(random_state=42),1.0,0.9435336976320583,0.948073701842546,0.9433333333333334,0.9528619528619529,0.9427008177008177
3,HashingVectorizer(),SVC(random_state=42),0.9843871975019516,0.9271402550091075,0.9328859060402684,0.9297658862876255,0.936026936026936,0.9263468013468013
4,TfidfVectorizer(),"LogisticRegression(max_iter=1000, random_state=42, solver='liblinear')",0.985167837626854,0.9180327868852459,0.9270664505672609,0.89375,0.9629629629629629,0.914021164021164
5,HashingVectorizer(),"LogisticRegression(max_iter=1000, random_state=42, solver='liblinear')",0.9781420765027322,0.9143897996357013,0.9245585874799358,0.8834355828220859,0.9696969696969697,0.9094516594516595
6,CountVectorizer(),"LogisticRegression(max_iter=1000, random_state=42, solver='liblinear')",0.9992193598750976,0.907103825136612,0.9181380417335473,0.8773006134969326,0.9629629629629629,0.9021164021164021
7,CountVectorizer(),SVC(random_state=42),1.0,0.8979963570127505,0.9084967320261438,0.8825396825396825,0.936026936026936,0.8946007696007695
8,HashingVectorizer(),GradientBoostingClassifier(random_state=42),0.9836065573770492,0.8633879781420765,0.8829953198127926,0.8226744186046512,0.9528619528619529,0.8553992303992304
9,TfidfVectorizer(),GradientBoostingClassifier(random_state=42),0.9867291178766588,0.8542805100182149,0.8753894080996885,0.8144927536231884,0.9461279461279462,0.8460798460798461
10,CountVectorizer(),GradientBoostingClassifier(random_state=42),0.9640905542544886,0.8506375227686703,0.8726708074534161,0.8097982708933718,0.9461279461279462,0.8421115921115921
11,CountVectorizer(),"AdaBoostClassifier(base_estimator=DecisionTreeClassifier(), random_state=42)",0.9773614363778298,0.8506375227686703,0.8668831168831169,0.8369905956112853,0.898989898989899,0.8463203463203464
12,TfidfVectorizer(),"BaggingClassifier(n_jobs=-1, random_state=42)",0.9937548790007806,0.8506375227686703,0.8668831168831169,0.8369905956112853,0.898989898989899,0.8463203463203464
13,HashingVectorizer(),"BaggingClassifier(n_jobs=-1, random_state=42)",0.994535519125683,0.8469945355191257,0.8636363636363636,0.8338557993730408,0.8956228956228957,0.8426527176527177
14,CountVectorizer(),"BaggingClassifier(n_jobs=-1, random_state=42)",0.9718969555035128,0.8415300546448088,0.8576104746317513,0.8343949044585988,0.8821548821548821,0.8379028379028379
15,TfidfVectorizer(),"AdaBoostClassifier(base_estimator=DecisionTreeClassifier(), random_state=42)",0.9156908665105387,0.8269581056466302,0.8484848484848484,0.806060606060606,0.8956228956228957,0.8208273208273209
16,HashingVectorizer(),"AdaBoostClassifier(base_estimator=DecisionTreeClassifier(), random_state=42)",0.9875097580015613,0.825136612021858,0.8410596026490067,0.8273615635179153,0.8552188552188552,0.8224506974506974
17,TfidfVectorizer(),DecisionTreeClassifier(random_state=42),0.8501170960187353,0.7996357012750456,0.8328267477203648,0.7590027700831025,0.9225589225589226,0.7886604136604136
18,CountVectorizer(),"RandomForestClassifier(n_jobs=-1, random_state=42)",0.8462138953942233,0.7978142076502732,0.8393632416787266,0.7360406091370558,0.9764309764309764,0.7818662818662818
19,TfidfVectorizer(),"RandomForestClassifier(n_jobs=-1, random_state=42)",0.8524590163934426,0.7959927140255009,0.8367346938775511,0.7377892030848329,0.9663299663299664,0.7807840307840307
20,TfidfVectorizer(),"ExtraTreesClassifier(n_jobs=-1, random_state=42)",0.839968774395004,0.7905282331511839,0.8350071736011477,0.7275,0.9797979797979798,0.7736291486291486
21,HashingVectorizer(),DecisionTreeClassifier(random_state=42),0.8462138953942233,0.7887067395264117,0.8258258258258258,0.7452574525745257,0.9259259259259259,0.7764550264550265
22,CountVectorizer(),DecisionTreeClassifier(random_state=42),0.853239656518345,0.7887067395264117,0.8237082066869301,0.7506925207756233,0.9124579124579124,0.7776575276575276
23,CountVectorizer(),"ExtraTreesClassifier(n_jobs=-1, random_state=42)",0.8032786885245902,0.726775956284153,0.7956403269754768,0.6681922196796338,0.9831649831649831,0.7038840788840789
24,CountVectorizer(),KNeighborsClassifier(n_jobs=-1),1.0,0.6903460837887068,0.7690217391304348,0.6446469248291572,0.9528619528619529,0.6669071669071669
25,TfidfVectorizer(),KNeighborsClassifier(n_jobs=-1),1.0,0.6812386156648452,0.7538677918424753,0.6473429951690821,0.9023569023569024,0.6614959114959115
26,HashingVectorizer(),"RandomForestClassifier(n_jobs=-1, random_state=42)",0.7010148321623731,0.6612021857923497,0.7609254498714654,0.6153846153846154,0.9966329966329966,0.6312530062530063
27,HashingVectorizer(),"ExtraTreesClassifier(n_jobs=-1, random_state=42)",0.663544106167057,0.5974499089253188,0.7288343558282208,0.5733590733590733,1.0,0.5615079365079365
28,HashingVectorizer(),KNeighborsClassifier(n_jobs=-1),1.0,0.5646630236794171,0.7081807081807081,0.5555555555555556,0.9764309764309764,0.5278980278980279
